{
    "name": "EmbUI",
    "frameworks": "arduino",
    "keywords": "embui, arduino",
    "description": "Embeded Web UI framework for esp8266/esp32 IoT prototyping",
    "url": "https://github.com/DmytroKorniienko/EmbUI",
    "authors": [
        {
            "name": "Anton Zolotarev",
            "url": "https://github.com/anton-zolotarev"
        },
        {
            "name": "Dmytro Korniienko",
            "url": "https://github.com/DmytroKorniienko",
            "maintainer": true
        },
        {
            "name": "Emil Muratov",
            "url": "https://github.com/vortigont",
            "email": "gpm@hotplug.ru"
        }
    ],
    "license": "MIT",
    "repository": {
        "type": "git",
        "url": "https://github.com/DmytroKorniienko/EmbUI.git"
    },
    "platforms": ["espressif8266", "espressif32"],
    "version": "2.4.5",
    "dependencies":
    [
        {"owner": "bblanchon",
         "name": "ArduinoJson",
         "version": "*"},
        {"name": "AsyncWebServer-mod",
         "version": "https://github.com/DmytroKorniienko/ESPAsyncWebServer"},
        {"owner": "marvinroger",
         "name": "AsyncMqttClient",
         "version": "*"},
        {"owner": "arkhipenko",
         "name": "TaskScheduler",
         "version": "*"},
        {"name": "LITTLEFS",
         "version": "https://github.com/lorol/LITTLEFS.git",
         "platforms": ["espressif32"]}
    ],
    "build": {
        "flags": [
            "-DEMBUIVER=2.4.5",
            "-DCONFIG_LITTLEFS_FOR_IDF_3_2"
        ],
        "srcDir": "src"
    },
    "examples": [
        {
            "name": "Generic UI",
            "base": "examples/ex_generic",
            "files": [
                "platformio.ini",
                "src/globals.h",
                "src/i18n.h",
                "src/interface.cpp",
                "src/interface.h",
                "src/main.cpp",
                "src/main.h",
                "src/uistrings.h",
                "README.md"
            ]
        }
    ]
}
